Website,Emails,Phone Numbers
https://www.prostor-plus.cz,info@prostor-plus.cz,+420 317 471 740
https://www.spirala-ul.cz,,"475 603 390, 475 511 811, 200258360"
https://www.kromeriz.charita.cz/sluzby/socialni-poradna/,"jan.kapounek@kromeriz.charita.cz, socialni.poradna@kromeriz.charita.cz","734 780 221, 733 755 847, 732 518 381, 733 741 666"
https://www.uhbrod.charita.cz/socialni-sluzby/odborne-socialni-poradenstvi/,info@uhbrod.charita.cz,"+420 703 498 546, 572 630 648, +420 735 713 786"
https://www.proximasociale.cz,,+420 241 770 232
https://www.navstevalekare.cz/lekari/psychiatr--psychiatrie-s51017/jihocesky-kraj-k300/cesky-krumlov-o501.html,,
https://www.znamylekar.cz/marketa-rousalova/psychiatr/ceske-budejovice,,
proximity.unas.cz,,
https://www.fnhk.cz/psych/kliniky-ambulance.html,,"+420 495 832 597, +420 495 833 783, +420 495 832 410, +420 495 833 365, +420 495 833 746, +420 495 383 456, +420 495 832 221, +420 495 834 933, +420 495 834 934, +420 495 832 874, +420 495 833 232, +420 495 833 823, +420 495 832 317, +420 495 831 111"
https://www.psychocentrumdomecek.cz,,
https://www.pnbrno.cz/centrum-dusevniho-zdravi/,,737 390 737
https://www.psychordinace.cz/,,"+420 371 430 090, 371 430 090"
https://www.psychologie-stein.cz/index.php,,+420 602 406 538
https://www.idomino.eu,,224411000160
https://www.otrokovice.charita.cz/sluzba/114/,reditel@otrokovice.charita.cz,"157847401888, 202120222023, 734 435 004, 124883044, 577112031, 734 435 003"
https://www.u-kryt.cz,martin.dubcak@seznam.cz,739 584 077
https://www.psyche.cz/cdz,,"739 027 220, 581 209 622, 605 594 259, 730 155 209, 771 192 929, 581 204 437, 777 929 291, 730 179 213, 736 750 308, 733 125 733, 583 035 220, 603 408 431, 731 656 096, 731 417 356, 730 155 210, 731 501 999, 730 179 214, 581 204 438, 734 123 772, 777 929 203, 777 929 218, 773 381 583"
https://www.ulita.cz,recepce@ulita.cz,"250048234, 222 990 330, 200018383"
psyche-centrum.cz,,
https://www.poliklinika-km.cz/psychiatrie/,,573 338 786
https://www.zlatestranky.cz/profil/H691323,barbora.zahradnikova@seznam.cz,+420 354 430 001
https://www.psychologiekolin.cz/,"info@ordinacepsychologie.cz, info@psychologiekolin.cz, ordinacepsychologie@gmail.comTel",+420 725 322 635
mb-psychoterapie.cz,,
https://www.psychemedic.cz/,,"577 042 163, +420 577 220 899"
https://www.psychologicka-ordinace-janovska.cz/,"301mgr.zuzana.janovska@gmail.comN, mgr.zuzana.janovska@gmail.com","+420 732 976 301, 588 442
276, 588 442 843, 588 443 519, 588 443 509"
https://www.psychiatrie-maskova.cz,"andrea.maskova@seznam.cz, info@domovsrdcem.cz, rypalova.m@alzheimerporadnavysocina.cz","+420 733 352 215, +420 569 445 227, +420 733 629 018, +420 605 788 109, +420 605 788 109, +420 608 807 733, +420 561 111 323, +420 605 764 332"
https://www.lecbaduse.cz/,,
https://www.psychoterapie-ostrava-praha.cz/Praha.php,psychologiejarov@gmail.com,
https://www.hipojupiter.cz,"info@hipojupiter.czJak, klubInstagraminfo@hipojupiter.czWeb",260098099
https://www.fokuslabe.cz/centra-dusevniho-zdravi/centrum-dusevniho-zdravi-usti-nad-labem/,,
https://www.oskvetina.cz,info@oskvetina.cz,+420 721 568 898
https://www.od5k10.cz,info@od5k10.cz,"260044580, +420 728 939 412, +420 778 965 814"
https://www.psychiatriestrakonice.cz/,,
https://www.psychoterapiehk.cz,cibulkova@slea.cz,"736 788 346, 670100-222270, +420 736 788 346"
https://www.skoladavinci.cz/dalsi-aktivity/,"567info@skoladavinci.czuk, jmeno.prijmeni@skoladavinci.czOdkazyEdookitJ","101-077293, 101-060507, 101-047177, 000023768, +420 608 333 567, 219-038330, 000129739, 000060727"
https://www.trantyrova.cz/,mudr@trantyrova.cz,723 927 820
https://www.ostrava-psycholog.cz/,jadlovec@ostrava-psycholog.cz,+420 736 210 321
https://www.vaspsychiatr.cz,,
https://www.fnhk.cz/psych/kliniky-ambulance.html#utm_source=firmy.cz&utm_medium=ppd&utm_content=kategorie&utm_term=Psychiatrick%c3%a9%20ambulance&utm_campaign=firmy.cz-12989534,,"+420 495 832 597, +420 495 833 783, +420 495 832 410, +420 495 833 365, +420 495 833 746, +420 495 383 456, +420 495 832 221, +420 495 834 933, +420 495 834 934, +420 495 832 874, +420 495 833 232, +420 495 833 823, +420 495 832 317, +420 495 831 111"
https://www.neposeda.org,"resetcentrum@neposeda.org, melanie@neposeda.org, janah@neposeda.org, jana@neposeda.org, janam@neposeda.org, hopaci@neposeda.org, info@neposeda.org, enter@neposeda.org, bydleni@neposeda.org, autobus@neposeda.org, krizovatka@neposeda.org","778 538 275, 200072574, 733 182 520, 774 058 127, 778 538 252"
https://www.pppaspcvysocina.cz/,poverenec@pkkv.czTel,"739 572 940, 567 572 416, 734 696 157, 703 182 814, 703 182 812, 814565 323, 736 715 373, 566 622 387, 703 182 813, 566 624 224, 733 615 340, 604 971 423, 452569 425, 239568 848, 734 871 182, 643736 607, +420 724 167 744, 904734 871, 452569 422, 566 520 299"
https://www.nudz.cz/lecebna-pece/klinicka-psychologie/profil/,,
https://www.psy-dobiasova.cz,dana.dobiasova@centrum.cz,731171454
https://www.rodinavcentru.cz,info@rodinavcentru.cz,"324252627282, 123456789101, 718192021222, 112131415161"
https://www.nemocnicekolin.cz/klinicka-psychologie/d-2289/p1=2120,"katerina.azimaburas@nemocnicekolin.cz, adela.holmanova@nemocnicekolin.cz, klinicka.psychologie@nemocnicekolin.czUve, jana.kubatova@nemocnicekolin.cz, klinicka.psychologie@nemocnicekolin.czV, info@nemocnicekolin.cz, jana.tesarova@nemocnicekolin.cz, sabina.ruzkova@nemocnicekolin.cz, petra.sedinova@nemocnicekolin.cz","+420 321 756 111, 321 721 602, 722 976 100, 321 756 111"
https://www.sance.chrudim.cz,,
https://www.pppsemily.cz/,"svatuskova.spcprotp@seznam.cz, poradna@pppsemily.cz, sieglerova.lida@pppsemily.cz","721 128 300, 725 812 564, 778 755 210, 481 625 390, 159322503"
https://www.psychiatrie-ricany.cz/,info@psychiatrie-ricany.cz,+420 323 601 575
https://www.zivot-je-hra.cz/,mgr.jana.sladka@seznam.cz,+420775287571
https://www.osbonanza.cz,,
https://www.jihlava.charita.cz,jihlava@jihlava.charita.cz,567 563 671
https://www.socialnipece.cz,info@socialnipece.cz,
https://www.registrlekaru.cz/ordinace-psychologie-marcela-kelucova-20975/,,
https://www.futra.cz,,
https://www.poradnaprozeny.eu/,praha@poradnaprozeny.euTel,"224 930 661, +420 603 210 999, 603 213 826"
https://www.recoveryclinic.cz/,628info@recoveryclinic.cz,+420 353 228 628
https://www.psychologie-praha3.cz/,"pohlova@psychologie-praha3.cz, benesova@psychologie-praha3.cz, dohnal@psychologie-praha3.cz, hodkova@psychologie-praha3.cz, info@psychologie-praha3.cz, herentinova@psychologie-praha3.cz","+420 722 936 058, +420 724 304 114, +420 773 487 946, +420 702 171 550"
https://www.nemta.cz/oddeleni/psychiatricke/?ambulance=535,"psychiatrie@nemta.cz, nemta@nemta.cz, detska.psychiatrie@nemta.cz","381 606 770, 775 897 486, 381 606 765, 381 606 762, 381 606 760, 381 606 774, 381 606 763, 381 608 111, 381 606 756, 381 606 766"
https://www.ppp6.cz/,,
https://www.fokuslabe.cz,,
https://www.socialni-susice.cz/nase-sluzby/odborne-socialni-poradenstvi/,,
https://www.jablonec.diakonie.cz,,
https://www.kresadlohk.cz,info@kresadlohk.cz,+420 777 009 413
https://www.nadeje.cz,"Mikolas.opletal@socialnibydleni.org, nadeje@nadeje.cz","148881488114, +420 774 645 467, 265522152176, +420 775 868 858"
https://www.pamatovacek.cz/odborne-socialni-poradenstvi,,585 426 110
https://www.pppuk.cz/,,"417 535 219, 417 535 218, 412 532 071"
https://www.psychologieuorloje.cz/,,"202020203, 284 016 666"
https://www.kamin.klubexit.cz,,
https://www.socialnisluzbyck.cz/katalog-sluzeb/ambulance-klinicke-psychologie-mgr-petra-feglerova/,feglerova@seznam.cz,380 712 244
https://www.ledovec.cz/socialni-sluzby/item/30-odborne-socialni-poradenstvi-ledovec,info@ledovec.cz,"739 055 555, +420 739 054 931, 776 100 101"
https://www.fokus-pisek.cz/cdz-strakonice/,,"778 061 769608, 774 451 769, +420 608 442 697, +420 770 636 769, +420 734 200 970, +420 774 451 769, +420 608 271 800, 608 442 697"
https://www.znamylekar.cz/vladimir-beran-2/psychiatr/karlovy-vary,,
https://www.navstevalekare.cz/lekari/psychiatr--psychiatrie-s51017/jihocesky-kraj-k300/cesky-krumlov-o501/cesky-krumlov-m1516/mudr-miroslav-norek-d5659.html,,380 714 777
https://www.psychologiekv.cz/,,+420 725 159 302
https://www.firmy.cz/detail/385443-mudr-petr-pokorny-trebic-horka-domky.html,233E-mailpokorny@trb.czI,+420 568 808 233
https://www.psychologie-kurim.cz/,,+420 775 182 608
https://www.kotec.cz,,
https://www.komunitnicentrum.com,"lunakova@komunitnicentrum.com, kostka@komunitnicentrum.com","775 441 238, 202320222020, 777 291 400"
https://www.registrlekaru.cz/ordinace-psychiatrie-katerina-volfova-17876/,,
https://www.kaleidoskop-os.cz,"tk@kaleidoskop-os.cz, dbtcentrum@kaleidoskop-os.cz, ambulance@kaleidoskop-os.cz",774 437 977
https://www.jiskraduse.cz,,
https://www.olomouc.charita.cz,info@olomouc.charita.cz,"+420585221127, 122144381"
https://www.openhousebruntal.cz,"gavenda.openhouse@seznam.cz, zakova.openhouse@seznam.cz",+420 725 431 622
https://www.psychologie-zdravi.cz/,tereza.bastova@dike.cz,"420 321 728, +420 774 764 949, 321 728 246"
https://www.slezskadiakonie.cz,ustredi@slezskadiakonie.cz,"+420 558 764 333, 558 764 333"
https://www.poradnaprozeny.eu/#utm_source=firmy.cz&utm_medium=ppd&utm_campaign=firmy.cz-12891669,praha@poradnaprozeny.euTel,"224 930 661, +420 603 210 999, 603 213 826"
https://www.pepor-plzen.cz/,poradnaplzen@pepor-plzen.cz,"600 033 236, 377 468 111"
https://www.svetlokadanzs.cz,,
nnm.cz/ambulance-detail?id=049,,
https://www.socsluzbyzdar.cz,admin@socsluzbyzdar.cz,+420 773 767 523
https://www.frydekmistek.cz,,
https://www.speczs.cz/,,"200280002, 731 163 828"
https://www.ppppraha7a8.cz/,"poradna8@ppppraha7a8.cz, poradna7@ppppraha7a8.cz","220 805 247, 286 882 368, 220 805 297, 286 585 191"
https://www.tyn.charita.cz,info@tyn.charita.cz,385 731 553
https://www.sos-vesnicky.cz,info@sos-vesnicky.czS,+420 233 335 452
https://www.ppp11a12.cz/,"bouckova@ppp11a12.cz, zemanova@ppp-modrany.cz, lipova@ppp11a12.cz",
https://www.nadeje.cz/litomerice/nizkoprahovezarizeniprodetiamladez2,"Mikolas.opletal@socialnibydleni.org, nadeje@nadeje.cz","148881488114, +420 774 645 467, 265522152176, +420 775 868 858"
https://www.ppp-znojmo.cz/,pppznojmo@skolyjm.cz,+420 515 260 077
https://www.prevent99.cz/spot/,"curdova@prevent99.czV, spot@prevent99.cz, curdova@prevent99.cz, bartuskova@prevent99.cz, velharticka@prevent99.cz, jirku@prevent99.cz","601 520 540, 606 089 789"
https://www.strediskokobylisy.cz/vrtule,"stredisko@sdb.cz, spackova@sdb.cz","200119894, +420 283 029 111, 734648946, 733 741 826, 250175139, 743640027, 731 604 196, 283029311"
https://www.musskt.cz/muss/poradenstvi.asp,"musskt@musskt.cz, poradna@musskt.cz, kocumova@musskt.czjehlikova","+420 376 347 119, 376 347 107, 737 554 823, 376 347 106"
https://www.poradnaplzen.cz/,info@poradnaplzen.cz,+420 775 263 426
https://www.pppjbc.cz/,"roman.sikola@kraj-lbc.cz, poradna@pppjbc.cz","739 541 629, +420 485 226 356, 777 357 239, 602 102 833, 602 102 833"
https://www.terapiejakocesta.cz/,scernahsl@gmail.com,604498745
https://www.jahoda.cz,,
https://www.socsluzbymilevsko.cz/odborne-socialni-poradenstvi-milevsko,,
https://www.sdbzlin.cz,,
https://www.poradna-prava.cz,poradna@poradna-prava.cz,"+420 773 154 568, 724 701 600, +420 724 701 629, +420 724 701 625, +420 774 730 568, +420 724 701 630, +420 724 701 610, +420 724 701 613, +420 724 701 603, +420 774 058 568, +420 724 701 619"
https://www.psycholog-sro.cz/,,774 492 626
onhb.cz/Article.asp?nDepartmentID=256&nArticleID=341&nLanguageID=1,,
misa.zapletalova@tiscali.cz,,
https://www.zachranny-kruh.cz/,,
https://www.homolka.cz/,,
https://www.prerov.charita.cz,info@prerov.charita.cz,581 204 717
https://www.jekhetane.cz,,
https://www.pppcb.cz/,,
https://www.psychologicka-poradna-hk.cz,psychologhk.blazkova@gmail.com,+420 737 988 290
https://www.nempt.cz/ambulance/soukrome-ambulance/psychiatricka-ambulance/,,
https://www.psychotesty-ridici.cz/,,
terapie-poradenstvi.wz.cz,,
https://www.prosapia-zu.cz,,
salesianiteplice.cz,,
https://www.firmy.cz/detail/385470-mudr-blanka-stastna-chotebor.html,,777 481 265
https://www.znamylekar.cz/milan-stepanovic/psycholog/liberec,,
https://www.symedis.cz/,"veronika.janeckova@symedis.cz, ambulance@symedis.cz, katerina.odstrcil@symedis.cz, ondrej.vavra@symedis.cz","605 869 641, 601 322 093, 572 551 330, +420 572 551 330"
https://www.znamylekar.cz/jan-kovar/psycholog-detsky-psycholog/tabor,,
https://www.opava.eurotopia.cz,,
https://www.pppbrno.cz/cs/,,
https://www.mestovsetin.cz/mudr-lenka-sebelova/o-36579,e-podatelna@mestovsetin.czSoci,"571 491 111, 721 428 525"
https://www.milicak.cz,,
https://www.majak-plus.cz,".info@majak-plus.czKonopn, 722info@majak-plus.cz","420 721 376, 721 376 722"
https://www.ledovec.cz/centrum-dusevniho-zdravi/cdz-klatovy,info@ledovec.cz,"739 055 555, 776 100 101, +420 603 111 542"
https://www.nhrozenkov.charita.cz/kontakty/?s=poradna-sv-rity,reditel@nhrozenkov.charita.cz,"571 451 548, 728 324 494, 739 726 109, 627344851"
https://www.rc-routa.cz,,
https://www.romanojasnica.cz,romano.j@seznam.cz,"420 475 501, 420 475 501"
psychoporadnahk.cz,,
psychoterapiehradeckralove.cz,,
https://www.hranice.charita.cz,info@hranice.charita.cz,581 606 615
klubbarka.estranky.cz,,
https://www.ppp-pardubice.cz/,,"466 410 327, 469 621 187"
https://www.netfirmy.cz/firma/6757-polacek-jaroslav-mudr/,,
https://www.valmez.charita.cz,info@valmez.charita.cz,"777 672 903, +420 777 672 903, +420 571 619 981"
https://www.psychiatrie-konupcikova.cz,,
https://www.psychocentrum.cz/,"poradna.tr@psychocentrum.cz, poradna.hb@psychocentrum.cz, jiraska@psychocentrum.cz, poradna.pe@psychocentrum.cz, ic.vysocina@psychocentrum.cz, poradna.zr@psychocentrum.cz, poradna.ji@psychocentrum.cz","+420 731 193 152, +420 731 873 408, +420 566 621 404, +420 567 215 532, +420 704 619 459, +420 606 520 546, +420 728 846 122, +420 737 618 913, +420 734 354 085, +420 568 846 500, +420 567 308 855"
https://www.poliklinikazr.cz/odbornylekar.aspx?IDOdbornost=20,"info@poliklinikazr.cz, rsillerova@centrum.cz","+420 566 690 217, +420 566 690 111, +420 776 135 490"
https://www.martinbayer.cz/,,
https://www.ssp-ol.cz/poradny-pro-rodinu/rozcestnik,ssp@ssp-ol.cz,585 427 141
https://www.terapeutika.cz/,,
https://www.optrebic.cz/kontakt/obcanska-poradna-moravske-budejovice/,poradna.mb@optrebic.cz,"777 720 165, 606 021 577, 724 304 718, 568 845 348"
https://www.mesto-most.cz,epodatelna@mesto-most.czPodrobn,477 001 111
https://www.monada.cz/psychologie/,klinika@monada.cz,"+420 736 750 927, +420 272 940 401"
https://www.psychologickapraxe.com/,,
https://www.skp-centrum.cz/nase-sluzby-a-projekty/krizove-centrum-pardubice,"kc.pardubice@skp-centrum.cz, info@skp-centrum.cz","+420 464 629 618, 777 765 844, 608 432 117, +420 773 087 585"
https://www.trebic.charita.cz,trebic@trebic.charita.cz,736 529 300
psychosomatika.info,,
https://www.zdar.charita.cz,ochzr@zdar.charita.cz,"739344056, 566626040"
https://www.optrebic.cz/,,"568 845 348, 606 021 577, 724 304 718, 777 720 165"
https://www.vzajemnesouziti.cz,webmaster@vzajemnesouziti.czANTEE,
https://www.znamylekar.cz/nadezda-kramarova/psychiatr/ceske-budejovice,,
https://www.medical-center.cz/,"medicinaopava@seznam.cz, opava@vaseoptika.cz, opava.ostrozna@benu.cz, info@mgpharma.cz, opava@neurex.cz, praktik.opava@gmail.com","552 308 790, +420 731 129 926, 552 301 558, 605 884 652, 555 557 436, 552 301 550, 552 308 360, 733 469 070, 606 431 902, 552 301 566, 777 338 155, 552 301 562, 552 301 568, 731 399 256, 552 301 573, 553 613 748, 552 308 790733, 552 301 563, 552 301 569, 774 666 439, +420 552 301 558, 777 912 556, 608 845 720"
https://www.zvole.info,podatelna@zvole.info,"+420 257 760 337, 257 760 337"
https://www.prozdravi21.cz,,"855622026, 704 979 979, 702 013 354"
https://www.vorjihlava.cz/cdz_jihlava/informace,,
https://www.ostrava.charita.cz,sekretariat@ostrava.charita.cz,596 621 094
https://www.romanojasnica.webnode.cz,,
https://www.szss-cheb.cz,reditel@szss-cheb.cz,+420 354 430 229
https://www.kappa-praha.cz/,hradcanska@kappa-praha.cz,+420 730 513 343
https://www.skp-centrum.cz,info@skp-centrum.cz,"+420 464 629 618, +420 773 087 585"
https://www.zivefirmy.cz/bornova-libuse-mudr-_f1047322,"bornova@volny.cz, 180bornova@volny.czOrdina, 043zivefirmy@databox.czzivefirmy","377 521 180, 488 058 043"
https://www.psychiatrie-holesov.cz/,"ambulance@psychiatriemedica.cz, kracmarova@psychiatriemedica.cz, brzobohata@psychiatriemedica.cz, macharackova@psychiatriemedica.cz","+420 573 396 178, +420 603 951 350"
https://www.psycholog-jesenik.cz/,,
https://www.znamylekar.cz/vasilij-storcak/psychiatr/karlovy-vary,,
https://www.psychologrezkova.cz/,,
https://www.fokus-praha.cz/cz/pomahame/centrum-brevnov/cdz6#prvni-navsteva,,
https://www.susice.charita.cz/jak-pomahame/odborne-socialni-poradenstvi/,"renata.florianova@susice.charita.cz, lucie.malkova@susice.charita.cz, info@susice.charita.cz, hana.frenzlova@susice.charita.cz, petra.haisova.markova@susice.charita.cz","731 596 448, 731 402 920, 731 630 263, 731 402 919"
https://www.psychiatrie-hajda.cz/#utm_source=firmy.cz&utm_medium=ppd&utm_campaign=firmy.cz-13300779,,
https://www.znamylekar.cz/irena-smolova/psychiatr/plzen,hanalupacova1960@seznam.cz,
https://www.gp.cz/,referenceinfo@gp.czGlobal,
https://www.firmy.cz/detail/479833-mudr-lubomir-hadas-hradec-kralove.html,948E-maillubomir.hadas@seznam.czI,"725 048 038, +420 605 714 948"
https://www.zmatlova.cz/,,"737 847 606, 734 234 929, 731 679 280, 568 840 333, 603 380 942"
https://www.znamylekar.cz/nada-kravcivova/psycholog/ceska-lipa,,
https://www.milatovajana.cz/,info@milatovajana.cz,+420 731 482 917
https://www.greendoors.cz,,"+420 731 197 477, 284 016 666"
https://www.jihoceskarozvojova.cz/sluzby/sluzby-pro-rodinu.html,info@jihoceskarozvojova.cz,
https://www.psychocentrum.cz,"poradna.tr@psychocentrum.cz, poradna.hb@psychocentrum.cz, jiraska@psychocentrum.cz, poradna.pe@psychocentrum.cz, ic.vysocina@psychocentrum.cz, poradna.zr@psychocentrum.cz, poradna.ji@psychocentrum.cz","+420 731 193 152, +420 731 873 408, +420 566 621 404, +420 567 215 532, +420 704 619 459, +420 606 520 546, +420 728 846 122, +420 737 618 913, +420 734 354 085, +420 568 846 500, +420 567 308 855"
https://www.skolskykomplex.cz/g-jgm/,,
https://www.ledovec.cz/centrum-dusevniho-zdravi/cdz-plzen,info@ledovec.cz,"377 429 616, 776 100 101, 739 055 555, 737 163 204, 377 429 616"
https://zuzanarihova.lender.cz,zuzana.lenderova.rihova@gmail.com,774 830 975
https://www.kocero.cz,info@kocero.cz,"772 003 335602, 433 628721"
https://www.kromeriz.charita.cz/sluzba/108/,jan.kapounek@kromeriz.charita.cz,"573 336 569, 734 237 840"
https://www.kppp.cz/,poradna@kppp.czKPPP,+420 739 012 074
https://www.pointmilovice.cz,napis@pointmilovice.cz,"+420 702 036 896, 702 036 896"
https://www.uhradiste.charita.cz/nase-sluzby/obcanska-poradna-uherske-hradiste/,"info@uhradiste.charita.cz, lenka.rokytova@uhradiste.charita.cz","606 453 502, 572 555 783"
https://www.ordinace.cz/ordinace/redesign/index.php?id=1904,,602976127
tvuj-terapeut.cz,,
https://www.podaneruce.cz,"infolinka@podaneruce.cz, info@podaneruce.cz","+420 770 177 337, 545 247 535"
https://www.sdruzenipetrov.cz,sdruzenipetrov@gmail.com,"+420 533 033 229, 290020739, 515221
290020"
psycholog-hradec-kralove.cz,,
https://www.navstevalekare.cz/lekari/psychiatr--psychiatrie-s51017/karlovarsky-kraj-k302/cheb-o514/cheb-m3945/mudr-vladimir-capek-d6821.html,,354 422 330
https://www.tisnov.charita.cz,tisnov@tisnov.charita.cz,545 220 773
https://www.psycholozkazpatehopatra.cz,,
https://www.tempericb.cz,,
https://www.fnmotol.cz/,,"224 438 590, 224 433 652, 224 431 111, 224 433 653"
https://www.zavinac.sdb.cz,,
https://www.mediclinic.cz/lekar/vimperk-havlova,"psychiatrie1-Vimperk@ordinace.mediclinic.cz, info@mediclinic.cz","844 300 100, +420 388 415 597"
https://www.pppbreclav.cz/,,
https://www.inep.cz/,"lekarna@inep.czPraha, info@inep.czPraha, info@inep.cz, detskaneurologie@inep.czbottom, pediatrie@inep.czPraha","267 295 364, 222 201 020, 720 146 488, 257 220 233"
https://www.portusprachatice.cz,"ksandr@portusprachatice.cz, slunicko@portusprachatice.cz, info@portusprachatice.cz, klubip@portusprachatice.cz, krizac@portusprachatice.cz, smid@portusprachatice.cz","+420 722 638 880, +420 722 928 192, +420 602 100 292, +420 736 213 002, +420 723 206 051"
https://www.modrykriz.org/,,
https://www.psychologieplzen.cz/,info@psychologieplzen.cz,"737 455 258, +420 737 455 258"
https://www.zlin.charita.cz/adresar/?s=odborne-socialni-a-dluhove-poradenstvi#directory-detail,info@zlin.charita.cz,"140087831, 739 245 973, 739 245 974, +420 577 224 050"
https://www.melaops.cz,,"607 284 795, 115-829895020"
https://www.homeopatiecz.com/,,"737 105 202, 725 768 435, 736 660 315, 777 169 278, 777 146 760"
nem-tr.cz/cze/ambulance/klinicky-psycholog/,,
https://www.klinikaeset.cz/,"info@klinikaeset.cz, office.eset@klinikaeset.cz","272 937 499, 272 940 879, 272 940 880, 174-300070850, 272 940 880"
https://www.oprk.cz,"martin.vlasak@od5k10.cz, op.rychnov@gmail.com","420 775 475, +420 775 475 796, 606 478 525, 728 939 412"
https://www.krnov.charita.cz,monika.dudova@krnov.charita.cz,554 611 366
https://www.jh.cz/cs/mestsky-urad/odbory-uradu/odbor-socialnich-veci/rodinna-poradna/,"podatelna@jh.cz, poradna@jh.cz.Vedouc, webmaster@jh.czPodatelna","724 102 788, 702 005 983, +420 384 351 111"
https://www.jicin.charita.cz,reditel@charitajicin.cz,
https://www.ocss.cz,p.o.info@ocss.cz,
https://www.psychiatrietrebic.cz,,
https://www.ulice-plzen.com/,"pavlina.vankatova@ulice-plzen.comMAJKA, kai.fajfru@ulice-plzen.com, tadeas.pribil@ulice-plzen.com, ova@ulice-plzen.com, barbora.slaufova@ulice-plzen.comVLASTA, martin.parula@ulice-plzen.com, prijem@ulice-plzen.com, svetlana.levorova@ulice-plzen.com, marketa.soukupova@ulice-plzen.com, petra.petrova@gmil.com, jakub.havlicek@ulice-plzen.comdivadlo.zapoj, maria.parilova@ulice-plzen.com, monika.macasova@ulice-plzen.com, jarmila.cifrova@ulice-plzen.comMARK, marketa@ulice-plzen.com, jakub.havlicek@ulice-plzen.com, na.Poslatinfo@ulice-plzen.combottom, jitka.vrbova@ulice-plzen.comPAVL, kristyna@ulice-plzen.com, katerina.ticha@ulice-plzen.com, jitka.vrbova@ulice-plzen.com, marketa@ulice-plzen.comPlease, aneta.dolejsova@ulice-plzen.com, katerina.jannova@ulice-plzen.com, vlasta.matejkova@ulice-plzen.comkontaktyZpr, 0800Kontaktinfo@ulice-plzen.comDatovka, kristyna@ulice-plzen.comPlease, katerina.lzicarova@ulice-plzen.com, dagmara.kindlova@ulice-plzen.comB, maketa@ulice-plzen.com","725 752 731, 725 178 646373, 725 178 656, 725 178 646, 601-362-563, 722 900 983, 720 996 290, 373804539, 601 362 563, 725 180 667, 725-178-656, 702 097 647, 720-994-470, 725-383-584, 725 879 167, 725 383 584, 728 243 690, 605 946 011, 702-097-647, 725 311 814, 725 705 073, 725-579-034, 720 587 053, 725 579 034, 720 994 470, 725-311-814"
https://www.poradnazl.cz/,,
https://www.psychocentrum.cz/pracoviste-havlickuv-brod,,
https://www.renadi.cz,,"536181516265, 151387378123"
https://www.vidacr.cz,,
https://www.psychocentrum.cz/pracoviste-jihlava,,
https://www.pisek.charita.cz,info@pisek.charita.cz,732 955 685
https://www.mestovsetin.cz/mudr-eva-de-la-hozova/o-36549,e-podatelna@mestovsetin.czSoci,"571 491 111, 571 417 567"
https://www.psychiatr.info/#utm_source=firmy.cz&utm_medium=ppd&utm_campaign=firmy.cz-385369,medic@centrum.cz,602 955 155
https://www.holesov.charita.cz,info@holesov.charita.cz,"775 299 530, 153271952"
https://www.tvuj-lekar.cz/69979090/45335/samostatna-ordinace-lekare-psychiatra,,+420374718271
https://www.portimo.cz,portimo@portimo.cz,+420 566 615 217
https://www.magdalena-ops.eu,,
https://www.lukasman.cz/,"916info@klinikaluna.czPhDr, 14000info@klinikaluna.cz",+420 770 623 916
https://www.opengate.cz/,,
https://www.spolekkolumbus.cz/,renata.markova@spolekkolumbus.cz,
https://www.fokuslabe.cz/centra-dusevniho-zdravi/centrum-dusevniho-zdravi-chomutov/,,
https://www.psycholog-marie-opava.cz/,marie.psycholog@seznam.cz,607 203 071
https://www.utocistecheb.cz,,
https://www.pnkosmonosy.cz/cdz.html,,
https://www.psycholog-hatakova.cz,psycholog.hatakova@gmail.com,+420 724 931 027
https://www.psycholog-analytik.cz/,,
https://www.praha.ymca.cz,,
https://www.pppuo.cz/,info@pppuo.cz,+420 465 521 296
https://www.psycholog-jihlava.cz,,776 765 003
https://www.lexik.cz/pedagogicko-psychologicka-poradna,"000poradna@lexik.czID, 000info@lexik.czSledujte","+420 739 034 000, 038000128, +420 739 035 000"
https://www.modrykriz.org/karvina/,"p.nemeckova@modrykriz.org, z.vilckova@modrykriz.org, karvina@modrykriz.org, i.tesarova@modrykriz.org","146599429468, 731 494 695"
https://www.najdipomoc.cz/detail/psycholog/phdr-dagmar-utkova/,"info@najdipomoc.cz, info@clg.cz","+420387436802, +420 733 406 418"
https://www.pelhrimov.charita.cz,reditel@pelhrimov.charita.cz,"565 322 539, 107046957, 115-451000237"
https://www.psychologkaraskova.cz/,,
https://www.neskrytost.cz/?gclid=EAIaIQobChMI8LuGssyO-AIVCI1oCR2AfwEOEBAYASAAEgKq2fD_BwE,martin.chvojka@volny.cz,"211117428, 727 818 801"
https://www.krebul.cz/obcanska-poradna,,
https://www.psychoterapie-vysocina.cz,ppjk@centrum.cz,773 563 977
https://www.navstevalekare.cz/lekari/psychiatr--psychiatrie-s51017/jihocesky-kraj-k300/cesky-krumlov-o501/cesky-krumlov-m1516/mudr-gabor-nagy-d5658.html,,"721 184 786, 380 714 777"
https://www.najdipomoc.cz/detail/psycholog/phdr-vladimir-forst/,"forst.vladimir@post.cz, info@najdipomoc.cz","+420603895363, +420 733 406 418"
https://www.psychologie-vlasim.cz/,,739 434 249
https://www.fokus-mb.cz,,227756800
https://www.koparkovamonika.cz/,mkoparkova@gmail.com,"608245698, +420 608 245 698, +420 354 433 674"
https://www.opplzen.cz/,,777 964 563
https://www.moje-klinika.cz/pracoviste-praha,"logo@logoped.cz, logo.praha@logoped.cz","+420 603 484 077, +420 543 420 666, +420 777 675 233, +420 517 578 322"
https://www.statekvlckovice.cz,,
https://www.poradnaprozeny.eu/plzen/,"praha@poradnaprozeny.euTel, plzen@poradnaprozeny.euADRESA","224 930 661, 731 064 036, 774 280 460, 731 749 774, 603 213 826, 731 140 058, +420 603 210 999"
https://www.pnvd.cz/,podatelna@pld.cz,377 813 112
https://www.unko.cz/,,
